{"cameraMode":{"drawMode":0,"name":"Shaded","section":"Shading Mode"},"sceneLighting":true,"audioPlay":false,"sceneViewState":{"showFog":true,"showMaterialUpdate":false,"showSkybox":true,"showFlares":true,"showImageEffects":true,"showParticleSystems":true},"in2DMode":false,"pivot":{"x":-4.96456241607666,"y":7.680399417877197,"z":0.1610434651374817},"rotation":{"x":0.1630808264017105,"y":-0.8283000588417053,"z":0.3078182339668274,"w":0.4388299286365509},"size":48.03935241699219,"orthographic":false}